,name,picture,link to picture,,,,,,,,,,,latin name,
1,flowerhorn cichlid,,https://en.wikipedia.org/wiki/Flowerhorn_cichlid#/media/File:Gallery_19_68_148247.jpg,,,,,,,,,,,red devil,
2,black skirt tetra,,https://www.aquariumfishparadise.com.au/black-widow-tetra-gymnocorymbus-ternetzi/,,,,,,,,,,,Gymnocorymbus ternetzi,
3,Male Rose Petal Betta,,https://www.reddit.com/r/bettafish/comments/1953rqm/introducing_my_rosetail_male_betta/#lightbox,,,,,,,,,,,Betta splendens,
4,tiger barb,,https://www.mysis.com/hobbyist/species/barbs/,,,,,,,,,,,Puntigrus tetrazona,
5,zebra danio,,https://www.britannica.com/animal/zebra-fish,,,,,,,,,,,danio rerio,
6,guppy,,https://www.fishi-pedia.com/fishes/poecilia-reticulata,,,,,,,,,,,Poecilia reticulata,
7,angelfish,,https://www.chewy.com/education/fish/freshwater-fish/how-to-choose-and-care-for-freshwater-angelfish,,,,,,,,,,,pterophyllum,
8,corydora,,https://en.wikipedia.org/wiki/Corydoras#/media/File:Corydoras_melanotaenia.JPG,,,,,,,,,,,corydora,
9,blood red parrot cichlid,,https://roxyaquarium.com.au/product/parrot-blood-red/,,,,,,,,,,,Amphilophus citrinellus x Paraneetroplus synspilus,
10,neon tetra,,https://www.thesprucepets.com/neon-tetra-paracheirodon-1381835,,,,,,,,,,,Paracheirodon innesi,
11,balloon molly,,https://coburgaquarium.com.au/products/molly-balloon-assorted-3,,,,,,,,,,,Poecilia sphenops,
12,platy,,https://aquascape.ae/product/red-platy-fish/,,,,,,,,,,,Xiphophorus maculatus,
13,sunburst platy,,https://www.mrpets.ca/online/sunburst-platy?srsltid=AfmBOop3RNzxrpD-5PdCE7lJr3SgTMQMDWTucFrbTti2CyqB5tDtrH1X,,,,,,,,,,,Xiphophorus maculatus,
14,pleco,,https://en.wikipedia.org/wiki/Plecostomus#/media/File:Liposarcus_multiradiatus_01_ssj_20050321.jpg,,,,,,,,,,,Hypostomus plecostomus,
15,koi,,https://www.zoo-leipzig.de/en/animal/koi-farbkarpfen/,,,,,,,,,,,Cyprinus rubrofuscus,
16,goldfish,,https://en.wikipedia.org/wiki/Common_goldfish#/media/File:%E3%83%AF%E3%82%AD%E3%83%B320120701.JPG,,,,,,,,,,,Carassius auratus,
17,tiger oscar cichlid,,https://www.petsmart.com/fish/live-fish/goldfish-betta-and-more/tiger-oscar-cichlid-27544.html,,,,,,,,,,,Astronotus ocellatus,
18,pristella tetra,,https://freshwateraquatica.org/products/the-pristella-tetra,,,,,,,,,,,Pristella maxillaris,
19,discus,,https://tropicflow.com/products/red-pigeon-discus?srsltid=AfmBOoouZXfHNlhlUgUSOtUBYak7MXRLV8xPmd_14V7ZqLHKHctb_zej,,,,,,,,,,,Symphysodon,
20,blood orange clownfish,,https://www.orafarm.com/product/blood-orange-clownfish/,,,,,,,,,,,Amphiprioninae,
21,blue hippo tang,,https://harrysmarinelife.com/product/blue-hippo-tang/,,,,,,,,,,,Paracanthurus hepatus,
22,yellow tang,,https://www.barrierreefaquariums.com/products/phillipine-yellow-tang,,,,,,,,,,,Zebrasoma flavescens,
23,queen angelfish,,https://www.mysaltwaterfishstore.com/products/queen-angelfish-large-5-7-inches-1?srsltid=AfmBOorIm190DjaIw6L3eKFejUBb1V_K2Fae3iWLN245kuYQJftX4jkU,,,,,,,,,,,Holacanthus ciliaris,
24,freshwater bass,,https://www.aftco.com/blogs/species-spotlight/freshwater-bass-guide?_ab=0&_fd=0&_sc=1,,,,,,,,,,,,micropterus salmoides
25,swordtail,,https://www.fishlore.com/Profiles-Swordtail.htm,,,,,,,,,,,Xiphophorus hellerii,
26,gulper catfish,,https://www.predatoryfins.com/products/gulper-catfish-asterophysus-batrachus?srsltid=AfmBOopr2sk7W3lGw0gSDb_5Tieo6JsyzhL3xlq-YKPzZVN9i2Wd7UeZ,,,,,,,,,,, Asterophysus batrachus,
27,cherry barb,,https://shrimpybusiness.com/products/cherry-barb?srsltid=AfmBOoq-mQrNesVgOqkkrqiiwOaRpnl2NH1_zJYQNHNqGVzJHBMIU8PU,,,,,,,,,,,Puntius titteya,
28,archerfish,,https://hastingsaquarium.co.uk/blog/animal-stories/what-is-an-archerfish-5-facts-you-should-know/,,,,,,,,,,,Toxotes jaculatrix,
29,rainbowfish,,https://en.wikipedia.org/wiki/Rainbowfish#/media/File:Red_m_boesemani.jpg,,,,,,,,,,,Melanotaeniidae,
30,molly,,https://tanninaquatics.com/blogs/the-tint-1/mischief-with-mollies,,,,,,,,,,,Poecilia,
31,mosquito fish,,https://en.wikipedia.org/wiki/Mosquitofish#/media/File:Mosquitofish.jpg,,,,,,,,,,,Gambusia affinis,
32,rosy red minnow,,https://www.petsmart.com/fish/live-fish/goldfish-betta-and-more/rosy-red-minnow-59860.html,,,,,,,,,,,Pimephales promelas,
33,pennant coralfish,,https://www.recifalpes.com/fr/poissons-papillons/817-heniochus-acuminatus-2000387622046.html,,,,,,,,,,,heniochus acuminatus,
34,high fin cardinalfish,,https://www.mysis.com/hobbyist/species/cardinalfish/,,,,,,,,,,,Pterapogon kauderni,
35,fire goby,,https://www.saltwateraquariumblog.com/saltwater-firefish-goby-quick-facts-care-guide-diet-and-more/,,,,,,,,,,,Nemateleotris magnifica,
36,royal gramma,,https://en.wikipedia.org/wiki/Royal_gramma,,,,,,,,,,,Gramma loreto,
37,rainbow shark,,https://en.wikipedia.org/wiki/Rainbow_shark,,,,,,,,,,,Epalzeorhynchos frenatum,
38,red bellied fusilier,,https://en.wikipedia.org/wiki/Caesio_cuning,,,,,,,,,,,caesio cuning,
39,powder brown tang,,https://www.bluezooaquatics.com/productDetail.asp?did=1&pid=2744&cid=331,,,,,,,,,,,Acanthurus japonicus,
40,palometa,,https://www.proaquatix.com/portfolio/palometa/,,,,,,,,,,,trachinotus goodei,
41,four stripe damselfish,,https://en.wikipedia.org/wiki/Dascyllus_melanurus,,,,,,,,,,,dascyllus melanurus,
42,silver moonyfish,,https://reefapp.net/en/encyclopedia/monodactylus-argenteus,,,,,,,,,,,monodactylus argenteus,
43,glofish barb,,https://aquaristsacrosscanada.com/products/glo-tiger-barb-starfire-red-puntius-tetrazona,,,,,,,,,,,Puntius tetrazona,
44,electric green glofish tetra,,https://www.aquapets.ca/products/color-skirt-tetra?srsltid=AfmBOopEUBQRPsCXJFTmgZquvBfnryb0-qJZ-cMLPAO6uyj-F7JwjPLf,,,,,,,,,,,Gymnocorymbus ternetzi,
45,glofish betta,,https://www.amazonasmagazine.com/2020/02/05/glofish-introduces-bettas-to-fluorescent-fish-offerings/,,,,,,,,,,,Betta splendens,
46,silver arowana,,https://www.seahorseaquariums.com/Silver-Arowana/3873,,,,,,,,,,,Osteoglossum bicirrhosum,
47, ,,https://www.aquariumglaser.de/en/09-characoids-tetra-relationship/bryconalestes-longipinnis-2/,,,,,,,,,,,Bryconalestes longipinnis,
48,delta betta,,https://articles.hepper.com/butterfly-betta-delta-tail/,,,,,,,,,,,Betta splendens,
49,dumbo betta,,https://thailandbettafish.com/products/dumbo-lavender-butterfly-betta-fish?srsltid=AfmBOop_FA8Hb2Frmp2ufvtKhGkOrFEmAMIomiMIVU6TADLkHsY25mK5,,,,,,,,,,,Betta splendens,
50,platy blue mickey mouse,,https://aquariumfishonline.com.au/product/platies-blue-mickey-mouse-platy-xiphophorus-maculatus-4cm/?srsltid=AfmBOoq1hCF6xJz7YJ-dGz0WBxqf9VPQOktd2NZyzhwEWNh8YJ7sCYie,,,,,,,,,,,Xiphophorus maculatus,
51,peppermint platy,,https://www.petsmart.com/fish/live-fish/goldfish-betta-and-more/peppermint-platy-92159.html,,,,,,,,,,,xiphorus maculatus,
52,female veiltail betta,,https://www.petsmart.com/fish/live-fish/goldfish-betta-and-more/female-veiltail-betta-15219.html,,,,,,,,,,,Betta splendens,